,video_id,video_title,Comments
0,LnlKwzc_TNA,"Would You Swim With Sharks For $100,000?",Hlo
1,LnlKwzc_TNA,"Would You Swim With Sharks For $100,000?","Mr beast can you buy my a play station i,am poor adont have nothing"
2,LnlKwzc_TNA,"Would You Swim With Sharks For $100,000?",Only Swedish people gets the titles
3,LnlKwzc_TNA,"Would You Swim With Sharks For $100,000?",The swedish hacks
4,LnlKwzc_TNA,"Would You Swim With Sharks For $100,000?",Ù…Ø¯Ø¨Ù„Ø¬ Ø¨Ø§Ù„Ø¹Ø±Ø¨ÙŠØŸ
5,LnlKwzc_TNA,"Would You Swim With Sharks For $100,000?",*Hindi Audio Amazing ğŸ”¥ğŸ”¥ğŸ”¥ğŸ”¥*
6,LnlKwzc_TNA,"Would You Swim With Sharks For $100,000?",Abcde
7,LnlKwzc_TNA,"Would You Swim With Sharks For $100,000?",Abcde
8,LnlKwzc_TNA,"Would You Swim With Sharks For $100,000?",Hi I love your videos
9,LnlKwzc_TNA,"Would You Swim With Sharks For $100,000?",Hi
10,LnlKwzc_TNA,"Would You Swim With Sharks For $100,000?",Abcde
11,LnlKwzc_TNA,"Would You Swim With Sharks For $100,000?",Abcde
12,LnlKwzc_TNA,"Would You Swim With Sharks For $100,000?",Abcde
13,LnlKwzc_TNA,"Would You Swim With Sharks For $100,000?",Watching in Russian is so funny
14,LnlKwzc_TNA,"Would You Swim With Sharks For $100,000?",Respect to Airrack for doing everything to get his fan as much money as he can
15,LnlKwzc_TNA,"Would You Swim With Sharks For $100,000?",Abcde
16,LnlKwzc_TNA,"Would You Swim With Sharks For $100,000?",Abcde
17,LnlKwzc_TNA,"Would You Swim With Sharks For $100,000?",Abcde
18,LnlKwzc_TNA,"Would You Swim With Sharks For $100,000?",Abcde
19,LnlKwzc_TNA,"Would You Swim With Sharks For $100,000?",Abcd
20,3jS_yEK8qVI,Worldâ€™s Most Dangerous Escape Room!,"I want see you, but my home is in finland â˜¹ï¸"
21,3jS_yEK8qVI,Worldâ€™s Most Dangerous Escape Room!,ĞŸĞ¾Ñ‡ĞµĞ¼Ñƒ Ğ²Ğ¸Ğ´ĞµĞ¾ Ğ½Ğ° Ñ€ÑƒÑÑĞºĞ¾Ğ¼?
22,3jS_yEK8qVI,Worldâ€™s Most Dangerous Escape Room!,"ĞĞ¸Ñ„Ğ¸Ğ³Ğ° ÑĞµĞ±Ğµ, Ñ Ğ°Ğ½Ğ³Ğ»Ğ¸Ğ¹ÑĞºĞ¸Ğ¹ ÑÑ‚Ğ°Ğ» Ğ¿Ğ¾Ğ½Ğ¸Ğ¼Ğ°Ñ‚ÑŒ?"
23,3jS_yEK8qVI,Worldâ€™s Most Dangerous Escape Room!,pq esta portuges
24,3jS_yEK8qVI,Worldâ€™s Most Dangerous Escape Room!,Go cillobaration for dima maslen
25,3jS_yEK8qVI,Worldâ€™s Most Dangerous Escape Room!,Ğ¯ Ñ€ÑƒÑÑĞºĞ°Ñ
26,3jS_yEK8qVI,Worldâ€™s Most Dangerous Escape Room!,Hi mrbest
27,3jS_yEK8qVI,Worldâ€™s Most Dangerous Escape Room!,Hello
28,3jS_yEK8qVI,Worldâ€™s Most Dangerous Escape Room!,Go take vidio with Dima Maslenikova. PlzğŸ˜—
29,3jS_yEK8qVI,Worldâ€™s Most Dangerous Escape Room!,Join to Ğ‘Ğ°Ñ€Ğ°Ğ±ĞµĞºĞ¸ÑÑ‚Ğ°Ğ½
30,3jS_yEK8qVI,Worldâ€™s Most Dangerous Escape Room!,oj jag viste inte att jimmy testade helsingborg
31,3jS_yEK8qVI,Worldâ€™s Most Dangerous Escape Room!,I am sure to you
32,3jS_yEK8qVI,Worldâ€™s Most Dangerous Escape Room!,you can make more videos on Mrbeast Gaming channel in Russian please
33,3jS_yEK8qVI,Worldâ€™s Most Dangerous Escape Room!,Jimmy testar Helsingborg
34,3jS_yEK8qVI,Worldâ€™s Most Dangerous Escape Room!,Ã±Ã±Ã±Ã±Ã±Ã±Ã±Ã±Ã±Ã±Ã±Ã±Ã±Ã±Ã±Ã±Ã±Ã±Ã±Ã±Ã±Ã±Ã±Ã±Ã±Ã±Ã±Ã±Ã±Ã±Ã±Ã±Ã±Ã±Ã±Ã±Ã±Ã±Ã±Ã±Ã±Ã±Ã±Ã±Ã±Ã±Ã±Ã±Ã±Ã±Ã±Ã±Ã±Ã±Ã±Ã±Ã±Ã±Ã±Ã±Ã±Ã±Ã±Ã±Ã±Ã±Ã±Ã±Ã±Ã±Ã±Ã±Ã±Ã±Ã±Ã±Ã±Ã±
35,3jS_yEK8qVI,Worldâ€™s Most Dangerous Escape Room!,I got hacked
36,3jS_yEK8qVI,Worldâ€™s Most Dangerous Escape Room!,5:03 this is Elon Musk
37,3jS_yEK8qVI,Worldâ€™s Most Dangerous Escape Room!,is it just me or that is in french
38,00NgUctWoLQ,"Extreme $1,000,000 Hide And Seek",WATCH UNTIL THE END BECAUSE ITS A CRAZY TWIST LOL
39,00NgUctWoLQ,"Extreme $1,000,000 Hide And Seek",omg yay
40,00NgUctWoLQ,"Extreme $1,000,000 Hide And Seek",hi
41,00NgUctWoLQ,"Extreme $1,000,000 Hide And Seek",Yea Zhc and Matt are here
42,00NgUctWoLQ,"Extreme $1,000,000 Hide And Seek",I donâ€™t know man I donâ€™t think itâ€™s real I wish I can win that lol ğŸ˜
43,00NgUctWoLQ,"Extreme $1,000,000 Hide And Seek",My mom is so wound up you give away so much money who do you work for
44,00NgUctWoLQ,"Extreme $1,000,000 Hide And Seek",ì € ì¸ìƒì´ ë„ˆë¬´ í˜ë“¤ì–´ìš”...  ë„ì™€ì£¼ì„¸ìš” .....
45,00NgUctWoLQ,"Extreme $1,000,000 Hide And Seek",IM SO GLAD HE WON WHAT
46,00NgUctWoLQ,"Extreme $1,000,000 Hide And Seek",Hey there is preston in the seekers group
47,00NgUctWoLQ,"Extreme $1,000,000 Hide And Seek",Bella is pretty
48,00NgUctWoLQ,"Extreme $1,000,000 Hide And Seek",Ğ¯ Ğ¢Ğ£Ğ¢ ĞĞ”Ğ˜Ğ Ğ Ğ£Ğ¡ĞšĞ˜Ğ™?
49,00NgUctWoLQ,"Extreme $1,000,000 Hide And Seek",Hi true that you speak English or what language it is
50,00NgUctWoLQ,"Extreme $1,000,000 Hide And Seek",Mr.beast help me out bro..;-(
51,00NgUctWoLQ,"Extreme $1,000,000 Hide And Seek",Noooo Bella I m so sorry for you have a great day
52,00NgUctWoLQ,"Extreme $1,000,000 Hide And Seek",Ä° SUB ZACH
53,00NgUctWoLQ,"Extreme $1,000,000 Hide And Seek",I love your videos MrBeast
54,00NgUctWoLQ,"Extreme $1,000,000 Hide And Seek",Shoutout to the swedish Guy that hacked this account
55,00NgUctWoLQ,"Extreme $1,000,000 Hide And Seek",Zach king I love you
56,00NgUctWoLQ,"Extreme $1,000,000 Hide And Seek",Good videos ğŸ“¹//
57,00NgUctWoLQ,"Extreme $1,000,000 Hide And Seek","quackity should be really good because hes really shortâ€¦. i think, i have watched about 2 quackity videos"
58,x9TQ6culXIA,"$1,000,000 Influencer Tournament!","Part 2 goes up Saturday at 4pm EST! WHO DO YOU THINK WILL WIN $1,000,000 FOR THEIR FANS?"
59,x9TQ6culXIA,"$1,000,000 Influencer Tournament!",Bella
60,x9TQ6culXIA,"$1,000,000 Influencer Tournament!",Join to Ğ‘Ğ°Ñ€Ğ°Ğ±ĞµĞºĞ¸ÑÑ‚Ğ°Ğ½
61,x9TQ6culXIA,"$1,000,000 Influencer Tournament!",my guess is zach king i think he will win
62,x9TQ6culXIA,"$1,000,000 Influencer Tournament!",I love preston
63,x9TQ6culXIA,"$1,000,000 Influencer Tournament!",Hahahahahahaha svensk
64,x9TQ6culXIA,"$1,000,000 Influencer Tournament!",ì € ì¸ìƒì´ë„ˆë¬´ í˜ë“¤ì–´ìš”ã…œã…œ ë„ì™€ì£¼ì„¸ìš”....
65,x9TQ6culXIA,"$1,000,000 Influencer Tournament!",Ano po
66,x9TQ6culXIA,"$1,000,000 Influencer Tournament!",Bella
67,x9TQ6culXIA,"$1,000,000 Influencer Tournament!",I see the Filipino American woman
68,x9TQ6culXIA,"$1,000,000 Influencer Tournament!",Yoo! Ryan is in this vid!!!!!
69,x9TQ6culXIA,"$1,000,000 Influencer Tournament!",Just wow just ğŸ˜²
70,x9TQ6culXIA,"$1,000,000 Influencer Tournament!",mat
71,x9TQ6culXIA,"$1,000,000 Influencer Tournament!",Did they just put a camera in the toilet-
72,x9TQ6culXIA,"$1,000,000 Influencer Tournament!",Preston
73,x9TQ6culXIA,"$1,000,000 Influencer Tournament!",me knowing most of them: QUACKITY !
74,x9TQ6culXIA,"$1,000,000 Influencer Tournament!",Bella Porsche
75,x9TQ6culXIA,"$1,000,000 Influencer Tournament!",9 av 10 tandlÃ¤kare
76,x9TQ6culXIA,"$1,000,000 Influencer Tournament!",I'm sorry preston but I still love your channel
77,x9TQ6culXIA,"$1,000,000 Influencer Tournament!",Hellow
78,QbJJwaVdgIs,I Got Hunted By The Military,SUBSCRIBE AND ILL GIVE YOU A LAMBO!
79,QbJJwaVdgIs,I Got Hunted By The Military,Itâ€™s so weird to see you rented the museum that I went to so many times as a kid.  I wouldâ€™ve found you there easily
80,QbJJwaVdgIs,I Got Hunted By The Military,we zombies ğŸ§Ÿâ€â™‚ï¸ to get youğŸ‰ğŸ˜‚ğŸ˜‚ğŸ˜‚ğŸ˜‚ğŸ˜‚ğŸ˜‚ğŸ˜Š
81,QbJJwaVdgIs,I Got Hunted By The Military,my parents have $33):
82,QbJJwaVdgIs,I Got Hunted By The Military,Deymn! They are good! ğŸ’£
83,QbJJwaVdgIs,I Got Hunted By The Military,Have the marines chase you
84,QbJJwaVdgIs,I Got Hunted By The Military,I believe you will get the 100m sub button
85,QbJJwaVdgIs,I Got Hunted By The Military,DrÃ¶mde du en mardrÃ¶m?
86,QbJJwaVdgIs,I Got Hunted By The Military,I natt jag drÃ¶mde
87,QbJJwaVdgIs,I Got Hunted By The Military,Poor lounal in the ground
88,QbJJwaVdgIs,I Got Hunted By The Military,Rest in peace NOLAN ğŸ˜­ğŸ˜­
89,QbJJwaVdgIs,I Got Hunted By The Military,Vem hackade mrbeast
90,QbJJwaVdgIs,I Got Hunted By The Military,very good videos ğŸ“¹
91,QbJJwaVdgIs,I Got Hunted By The Military,Sequel to the squid game challenge
92,QbJJwaVdgIs,I Got Hunted By The Military,i use current
93,QbJJwaVdgIs,I Got Hunted By The Military,I think youtubers will quit in april ğŸ˜•
94,QbJJwaVdgIs,I Got Hunted By The Military,hello
95,QbJJwaVdgIs,I Got Hunted By The Military,"True

He could be burned for this day under the ground"
96,QbJJwaVdgIs,I Got Hunted By The Military,"â€œi rented a museumâ€
me: adiÃ³s"
97,QbJJwaVdgIs,I Got Hunted By The Military,Nolan is still buried bruh
98,0e3GPea1Tyg,"$456,000 Squid Game In Real Life!","Like I said in the video, subscribe if you havenâ€™t already and you could win $10,000!"
99,0e3GPea1Tyg,"$456,000 Squid Game In Real Life!",Gympapass Med Ã…ke!
100,0e3GPea1Tyg,"$456,000 Squid Game In Real Life!",Wait itâ€™s already been 4 months
101,0e3GPea1Tyg,"$456,000 Squid Game In Real Life!",That so awesome
102,0e3GPea1Tyg,"$456,000 Squid Game In Real Life!",Gympapass med Ã¥ke
103,0e3GPea1Tyg,"$456,000 Squid Game In Real Life!",Amazing suqid game
104,0e3GPea1Tyg,"$456,000 Squid Game In Real Life!",I am still waiting for subscriber winner ğŸ†
105,0e3GPea1Tyg,"$456,000 Squid Game In Real Life!",I am very poor ğŸ˜¢
106,0e3GPea1Tyg,"$456,000 Squid Game In Real Life!",Isn't squid game dangerous?
107,0e3GPea1Tyg,"$456,000 Squid Game In Real Life!",Hey Albert:)
108,0e3GPea1Tyg,"$456,000 Squid Game In Real Life!",When someone fell in glass Bridge i thought they died
109,0e3GPea1Tyg,"$456,000 Squid Game In Real Life!",Gympapass med Ã¥ke ğŸ˜­
110,0e3GPea1Tyg,"$456,000 Squid Game In Real Life!",Gympapass med Ã…ke!
111,0e3GPea1Tyg,"$456,000 Squid Game In Real Life!",i subscribed
112,0e3GPea1Tyg,"$456,000 Squid Game In Real Life!",Join to Ğ‘Ğ°Ñ€Ğ°Ğ±ĞµĞºĞ¸ÑÑ‚Ğ°Ğ½
113,0e3GPea1Tyg,"$456,000 Squid Game In Real Life!",Gympass med Ã…keğŸ˜‚ğŸ˜‚
114,0e3GPea1Tyg,"$456,000 Squid Game In Real Life!",Gympapass med Ã…ke!
115,0e3GPea1Tyg,"$456,000 Squid Game In Real Life!",hi mr beast you are my best youtuber
116,0e3GPea1Tyg,"$456,000 Squid Game In Real Life!",all most 100m
117,cV2gBU6hKfY,I Cleaned The Worldâ€™s Dirtiest Beach #TeamSeas,HELP US SAVE THE OCEAN! GO DONATE https://teamseas.org/
118,cV2gBU6hKfY,I Cleaned The Worldâ€™s Dirtiest Beach #TeamSeas,Gotland vs Ã–land
119,cV2gBU6hKfY,I Cleaned The Worldâ€™s Dirtiest Beach #TeamSeas,Mrbeast mrbest
120,cV2gBU6hKfY,I Cleaned The Worldâ€™s Dirtiest Beach #TeamSeas,no
121,cV2gBU6hKfY,I Cleaned The Worldâ€™s Dirtiest Beach #TeamSeas,why is it gotland vs Ã¶land
122,cV2gBU6hKfY,I Cleaned The Worldâ€™s Dirtiest Beach #TeamSeas,What is the swedish hacker doing
123,cV2gBU6hKfY,I Cleaned The Worldâ€™s Dirtiest Beach #TeamSeas,i wish i could but my mom wont let me
124,cV2gBU6hKfY,I Cleaned The Worldâ€™s Dirtiest Beach #TeamSeas,Gotland va Ã¶land
125,cV2gBU6hKfY,I Cleaned The Worldâ€™s Dirtiest Beach #TeamSeas,Ã–land Ã¤r lÃ¤tt bÃ¤ttre
126,cV2gBU6hKfY,I Cleaned The Worldâ€™s Dirtiest Beach #TeamSeas,Someone hacked his account
127,cV2gBU6hKfY,I Cleaned The Worldâ€™s Dirtiest Beach #TeamSeas,"he single handle is doing more than all the political leaders combined, I think he should become the PRESIDENT"
128,cV2gBU6hKfY,I Cleaned The Worldâ€™s Dirtiest Beach #TeamSeas,Ã–land Ã¤r Ã¶verlÃ¤gset
129,cV2gBU6hKfY,I Cleaned The Worldâ€™s Dirtiest Beach #TeamSeas,Ã–land Ã¤r bÃ¤st
130,cV2gBU6hKfY,I Cleaned The Worldâ€™s Dirtiest Beach #TeamSeas,Gotland vs Ã¶land
131,cV2gBU6hKfY,I Cleaned The Worldâ€™s Dirtiest Beach #TeamSeas,Gotland vs Ã–land hahaha
132,cV2gBU6hKfY,I Cleaned The Worldâ€™s Dirtiest Beach #TeamSeas,"You so lucky 
  Get a 4m$  donation"
133,cV2gBU6hKfY,I Cleaned The Worldâ€™s Dirtiest Beach #TeamSeas,Gotland vs Ã¶land
134,cV2gBU6hKfY,I Cleaned The Worldâ€™s Dirtiest Beach #TeamSeas,Alla vet att Ã–land Ã¤r superior
135,cV2gBU6hKfY,I Cleaned The Worldâ€™s Dirtiest Beach #TeamSeas,Love this! Great idea. ğŸ‘ğŸ»ğŸ‘ğŸ»ğŸ‘ğŸ»ğŸ‘ğŸ»ğŸ‘ğŸ»ğŸ‘ğŸ»ğŸ‘ğŸ»ğŸ‘ğŸ»ğŸ‘ğŸ»ğŸ‘ğŸ»ğŸ‘ğŸ»ğŸ‘ğŸ»ğŸ‘ğŸ»ğŸ‘ğŸ»ğŸ‘ğŸ»ğŸ‘ğŸ»ğŸ‘ğŸ»ğŸ‘ğŸ»ğŸ‘ğŸ»ğŸ‘ğŸ»ğŸ‘ğŸ»ğŸ‘ğŸ»ğŸ‘ğŸ»ğŸ‘ğŸ»ğŸ‘ğŸ»ğŸ‘ğŸ»
136,cV2gBU6hKfY,I Cleaned The Worldâ€™s Dirtiest Beach #TeamSeas,Ã–land
137,qIsgdOVGA04,"Last To Take Hand Off Lamborghini, Keeps It",Subscribe and u might win a free car!
138,qIsgdOVGA04,"Last To Take Hand Off Lamborghini, Keeps It",Can I be in one of your videos please subscribed
139,qIsgdOVGA04,"Last To Take Hand Off Lamborghini, Keeps It",Lightning McQueen haffar guzz 4.0ğŸ˜‚
140,qIsgdOVGA04,"Last To Take Hand Off Lamborghini, Keeps It",5:58 The guy with the yellow shirt removed his hand from the Lamborghini !
141,qIsgdOVGA04,"Last To Take Hand Off Lamborghini, Keeps It",Is you hacked
142,qIsgdOVGA04,"Last To Take Hand Off Lamborghini, Keeps It","Ø§Ù†Ø§ Ø¹Ø±Ø¨ÙŠ Ù…Ù† Ù…ØµØ± Ùˆ Ø¨Ø­ÙŠÙƒÙ… 
I, am Arabic in Egypt"
143,qIsgdOVGA04,"Last To Take Hand Off Lamborghini, Keeps It",I love the way fidias was on his tippy toes it was hilarious
144,qIsgdOVGA04,"Last To Take Hand Off Lamborghini, Keeps It",ğŸ˜„
145,qIsgdOVGA04,"Last To Take Hand Off Lamborghini, Keeps It",I watch you and still never fully believe you. ğŸ˜…
146,qIsgdOVGA04,"Last To Take Hand Off Lamborghini, Keeps It",blixten McQueen haffar gus
147,qIsgdOVGA04,"Last To Take Hand Off Lamborghini, Keeps It",Ğ§ĞµĞ³Ğ¾ Ñƒ Ğ¼ĞµĞ½Ñ Ñ‚ÑƒÑ‚ Ñ€ÑƒÑÑĞºĞ°Ñ Ğ¾Ğ·Ğ²ÑƒÑ‡ĞºĞ°
148,qIsgdOVGA04,"Last To Take Hand Off Lamborghini, Keeps It",Lightning McQueen Haffar Guzz 4.0 HAHAHAHA
149,qIsgdOVGA04,"Last To Take Hand Off Lamborghini, Keeps It",Lightning mcqueen haffar guzz
150,qIsgdOVGA04,"Last To Take Hand Off Lamborghini, Keeps It",69MIL VIEWS
151,qIsgdOVGA04,"Last To Take Hand Off Lamborghini, Keeps It",Lightning mcqueen haffar en guzz 4.0ğŸ’€ğŸ’€
152,qIsgdOVGA04,"Last To Take Hand Off Lamborghini, Keeps It",look at 5:56 next to the blue guy
153,qIsgdOVGA04,"Last To Take Hand Off Lamborghini, Keeps It",Cool
154,qIsgdOVGA04,"Last To Take Hand Off Lamborghini, Keeps It",I already predicted fidias would get it since he works hard in at
155,qIsgdOVGA04,"Last To Take Hand Off Lamborghini, Keeps It",I literally saw Coreyâ€™s hand off the car that Jimmy didnâ€™t see when Chris drive the yellow car.
156,qIsgdOVGA04,"Last To Take Hand Off Lamborghini, Keeps It",Make things right with Gid ask God for forgiveness and he will forgive u repent and forgive each other amen amen
157,cExLQ1o2pDw,"First To Rob Bank Wins $100,000",Ğ•ÑÑ‚ÑŒ ĞºÑ‚Ğ¾-Ğ½Ğ¸Ğ±ÑƒĞ´ÑŒ Ğ¸Ğ· Ñ€ÑƒÑÑĞºĞ¸Ğ¹
158,cExLQ1o2pDw,"First To Rob Bank Wins $100,000",Det var inte JÃ¶nssonligan :(
159,cExLQ1o2pDw,"First To Rob Bank Wins $100,000",i love your videos
160,cExLQ1o2pDw,"First To Rob Bank Wins $100,000",i want money
161,cExLQ1o2pDw,"First To Rob Bank Wins $100,000",Plssss give me 10.000
162,cExLQ1o2pDw,"First To Rob Bank Wins $100,000",Ay sub yu
163,cExLQ1o2pDw,"First To Rob Bank Wins $100,000",Besta rolig titel bra dÃ¤r hackarna sÃ¥ kul
164,cExLQ1o2pDw,"First To Rob Bank Wins $100,000","Wow, your content is impressive! I am from Russia myself , and your channel is much better than the Russian - language channel ""Ğ’Ğ»Ğ°Ğ´ Ğ4"""
165,cExLQ1o2pDw,"First To Rob Bank Wins $100,000",JÃ¶nssonliganğŸ’€ğŸ’€
166,cExLQ1o2pDw,"First To Rob Bank Wins $100,000",YSE NO NO NO
167,cExLQ1o2pDw,"First To Rob Bank Wins $100,000",Mrbeast why I can't register to current
168,cExLQ1o2pDw,"First To Rob Bank Wins $100,000",Done
169,cExLQ1o2pDw,"First To Rob Bank Wins $100,000",Please send any challenges here in Philippines. ğŸ˜
170,cExLQ1o2pDw,"First To Rob Bank Wins $100,000",ğŸ‡ªğŸ‡¬ğŸ‡±ğŸ‡¾ğŸ§¡
171,cExLQ1o2pDw,"First To Rob Bank Wins $100,000",Mrbest acan you Ã¤ndÃ¥ mi 2000 fausen money
172,cExLQ1o2pDw,"First To Rob Bank Wins $100,000",Coolest guy on earthğŸ¤‘ğŸ¤‘ğŸ¤‘ğŸ¤‘ğŸ¤‘ğŸ¤‘ğŸ¥°ğŸ¥°ğŸ¥°ğŸ¥°ğŸ¥°ğŸ¥°
173,cExLQ1o2pDw,"First To Rob Bank Wins $100,000",Love your videos
174,cExLQ1o2pDw,"First To Rob Bank Wins $100,000",3:57 no swearing. BUT SSEXY??
175,cExLQ1o2pDw,"First To Rob Bank Wins $100,000",RIP swefilm
176,uocETPj4Jx4,"Extreme $500,000 Game Of Tag!",If you subscribe you could be in one of these videos one day :)
177,uocETPj4Jx4,"Extreme $500,000 Game Of Tag!",I always wanted to be in a vid but Iâ€™m a kid so idk if I can ğŸ˜ ğŸ˜­
178,uocETPj4Jx4,"Extreme $500,000 Game Of Tag!",I
179,uocETPj4Jx4,"Extreme $500,000 Game Of Tag!",I was rooting for airrack ugh!!!
180,uocETPj4Jx4,"Extreme $500,000 Game Of Tag!",sorry if intens is spelled rong
181,uocETPj4Jx4,"Extreme $500,000 Game Of Tag!",Pls can i join
182,uocETPj4Jx4,"Extreme $500,000 Game Of Tag!",Vem fan Ã¤ndrar titlarna ğŸ˜‚
183,uocETPj4Jx4,"Extreme $500,000 Game Of Tag!","If I am there I will play whatever it takes, sadly I'm from the Philippines"
184,uocETPj4Jx4,"Extreme $500,000 Game Of Tag!","the man who sacrificed for burgers, and jeremy with his Goofy ahh silly face."
185,uocETPj4Jx4,"Extreme $500,000 Game Of Tag!",Du mÃ¥ste betala skatt!!!
186,uocETPj4Jx4,"Extreme $500,000 Game Of Tag!",What are we talking
187,uocETPj4Jx4,"Extreme $500,000 Game Of Tag!",*flyr frÃ¥n Skatteverke-ğŸ‡¸ğŸ‡ª*
188,uocETPj4Jx4,"Extreme $500,000 Game Of Tag!",ğŸ‡¸ğŸ‡ªğŸ‡¸ğŸ‡ªğŸ‡¸ğŸ‡ª
189,uocETPj4Jx4,"Extreme $500,000 Game Of Tag!",ğŸ‡¸ğŸ‡ªğŸ‡¸ğŸ‡ªğŸ‡¸ğŸ‡ªğŸ‡¸ğŸ‡ªğŸ‡¸ğŸ‡ªğŸ‡¸ğŸ‡ªğŸ‡¸ğŸ‡ªğŸ‡¸ğŸ‡ªğŸ‡¸ğŸ‡ªğŸ‡¸ğŸ‡ªğŸ‡¸ğŸ‡ª
190,uocETPj4Jx4,"Extreme $500,000 Game Of Tag!",ğŸ‡¸ğŸ‡ªvilken jÃ¤vla kung
191,uocETPj4Jx4,"Extreme $500,000 Game Of Tag!",Svennen som hackat Jimmy haha
192,uocETPj4Jx4,"Extreme $500,000 Game Of Tag!",*Flyr frÃ¥n skatteverket*
193,uocETPj4Jx4,"Extreme $500,000 Game Of Tag!",Flyr frÃ¥n skatteverketğŸ˜³ğŸ˜³ğŸ˜³ğŸ˜³ğŸ˜‚ğŸ˜‚ğŸ˜‚
194,uocETPj4Jx4,"Extreme $500,000 Game Of Tag!",You gop mymatenate Why!
195,uocETPj4Jx4,"Extreme $500,000 Game Of Tag!",GG Ms beats in good ğŸ‘
196,zxYjTTXc-J8,"Last To Leave Circle Wins $500,000",Subscribe and you could be flown down for one of these challenges!
197,zxYjTTXc-J8,"Last To Leave Circle Wins $500,000",O MY godddddddddddddddddddddddddddddddddddddddddd
198,zxYjTTXc-J8,"Last To Leave Circle Wins $500,000",i saw airack in the backround
199,zxYjTTXc-J8,"Last To Leave Circle Wins $500,000",Assassin's
200,zxYjTTXc-J8,"Last To Leave Circle Wins $500,000","2,000"
201,zxYjTTXc-J8,"Last To Leave Circle Wins $500,000",Love yo fids
202,zxYjTTXc-J8,"Last To Leave Circle Wins $500,000",i sub mr beast
203,zxYjTTXc-J8,"Last To Leave Circle Wins $500,000",Dude the did a backflip whilr getting out
204,zxYjTTXc-J8,"Last To Leave Circle Wins $500,000","This game is actually on roblox. "" last to leave to circle ''"
205,zxYjTTXc-J8,"Last To Leave Circle Wins $500,000",I want to spin
206,zxYjTTXc-J8,"Last To Leave Circle Wins $500,000","when i saw Jeremy Silly face, i Hoped he Would win, and i dunno i'll edit if he won."
207,zxYjTTXc-J8,"Last To Leave Circle Wins $500,000",New subscriber here yay ğŸ˜Š
208,zxYjTTXc-J8,"Last To Leave Circle Wins $500,000",4:19 HAHA GG 69
209,zxYjTTXc-J8,"Last To Leave Circle Wins $500,000",Is sj your brother
210,zxYjTTXc-J8,"Last To Leave Circle Wins $500,000",I Love you so much
211,zxYjTTXc-J8,"Last To Leave Circle Wins $500,000",I. Love.  Yore.      Videos
212,zxYjTTXc-J8,"Last To Leave Circle Wins $500,000",Iâ€™ve just noticed Airrack competed in this vid
213,zxYjTTXc-J8,"Last To Leave Circle Wins $500,000",Hey I have fries haha
214,zxYjTTXc-J8,"Last To Leave Circle Wins $500,000",I love your videos
215,zxYjTTXc-J8,"Last To Leave Circle Wins $500,000",how the heck did these people do this
216,hxwpkM5w3Cc,I Got Hunted By The FBI,Subscribe for a free car!
217,hxwpkM5w3Cc,I Got Hunted By The FBI,Macke!
218,hxwpkM5w3Cc,I Got Hunted By The FBI,CulğŸ˜ğŸ˜ğŸ˜ğŸ˜ğŸ˜œ
219,hxwpkM5w3Cc,I Got Hunted By The FBI,Macke Ring Ã¥klagaren!!
220,hxwpkM5w3Cc,I Got Hunted By The FBI,Macke Ring Ã¥klagaren
221,hxwpkM5w3Cc,I Got Hunted By The FBI,12:21 It was funny to say Karl's a nerd ğŸ˜‚
222,hxwpkM5w3Cc,I Got Hunted By The FBI,Macke! Ring Ã…klagaren!
223,hxwpkM5w3Cc,I Got Hunted By The FBI,macke ring Ã¥klagaren
224,hxwpkM5w3Cc,I Got Hunted By The FBI,ring han dÃ¥
225,hxwpkM5w3Cc,I Got Hunted By The FBI,MackeğŸ˜­ğŸ˜­ğŸ˜­ğŸ˜­
226,hxwpkM5w3Cc,I Got Hunted By The FBI,"MACKE, RING Ã…KLAGARN"
227,hxwpkM5w3Cc,I Got Hunted By The FBI,Macke?
228,hxwpkM5w3Cc,I Got Hunted By The FBI,Vad har hÃ¤nt med namnetğŸ’€
229,hxwpkM5w3Cc,I Got Hunted By The FBI,"the guy in the  back of the car
 the car"
230,hxwpkM5w3Cc,I Got Hunted By The FBI,MACKE RING Ã…KLAGARN
231,hxwpkM5w3Cc,I Got Hunted By The FBI,Mr Bean channel
232,hxwpkM5w3Cc,I Got Hunted By The FBI,"ğŸ˜‚ğŸ˜‚ MACKE, RING Ã…KLAGAREN FÃ–R FAAN!"
233,hxwpkM5w3Cc,I Got Hunted By The FBI,MACKE! RING Ã…KLAGARN!!!
234,hxwpkM5w3Cc,I Got Hunted By The FBI,"MACKE, RING Ã…KLAGARN!!!!!"
235,hxwpkM5w3Cc,I Got Hunted By The FBI,Love your viedeos
236,ktyJIj6i4Qw,"If You Can Carry $1,000,000 You Keep It!",YOU HAVE 7 DAYS TO BUY THIS SHIRT IF YOU WANT YOUR NAME IN THE NEXT VIDEO! - shopmrbeast.com
237,ktyJIj6i4Qw,"If You Can Carry $1,000,000 You Keep It!",Thanks mr beast youâ€™re amazing
238,ktyJIj6i4Qw,"If You Can Carry $1,000,000 You Keep It!",From where did you got this much money ğŸ¤£ğŸ¤£
239,ktyJIj6i4Qw,"If You Can Carry $1,000,000 You Keep It!",Million in 1..but will mrbeast help for me buy house
240,ktyJIj6i4Qw,"If You Can Carry $1,000,000 You Keep It!",Haha kul att hacka
241,ktyJIj6i4Qw,"If You Can Carry $1,000,000 You Keep It!",Hahahahaha. â€Testar att begÃ¥ brott i Sverigeâ€ assÃ¥ den som har Ã¤ndrat videornas namn Ã¤r en riktig kung! ğŸ‘‘
242,ktyJIj6i4Qw,"If You Can Carry $1,000,000 You Keep It!",Aaaaaa
243,ktyJIj6i4Qw,"If You Can Carry $1,000,000 You Keep It!",Bruh someone hacked mrbeast so it's swedish lol
244,ktyJIj6i4Qw,"If You Can Carry $1,000,000 You Keep It!",Help me bro please
245,ktyJIj6i4Qw,"If You Can Carry $1,000,000 You Keep It!",ğŸ‘ŒğŸ»ğŸ‘ŒğŸ»ğŸ‘ŒğŸ»ğŸ‘ŒğŸ»ğŸ‘ŒğŸ»ğŸ‘ŒğŸ»ğŸ‘ŒğŸ»ğŸ‘ŒğŸ»ğŸ‘ŒğŸ»ğŸ‘ŒğŸ»ğŸ‘ŒğŸ»ğŸ‘ŒğŸ»ğŸ‘ŒğŸ»ğŸ‘ŒğŸ»ğŸ‘ŒğŸ»ğŸ‘ŒğŸ»ğŸ‘ŒğŸ»ğŸ‘ŒğŸ»ğŸ‘ŒğŸ»ğŸ‘ŒğŸ»ğŸ‘ŒğŸ»ğŸ‘ŒğŸ»ğŸ‘ŒğŸ»ğŸ‘ŒğŸ»ğŸ‘ŒğŸ»ğŸ‘ŒğŸ»ğŸ‘ŒğŸ»ğŸ‘ŒğŸ»ğŸ‘ŒğŸ»ğŸ‘ŒğŸ»ğŸ‘ŒğŸ»ğŸ‘ŒğŸ»ğŸ‘ŒğŸ»ğŸ‘ŒğŸ»ğŸ‘ŒğŸ»ğŸ‘ŒğŸ»ğŸ‘ŒğŸ»ğŸ‘ŒğŸ»ğŸ‘ŒğŸ»ğŸ‘ŒğŸ»ğŸ‘ŒğŸ»ğŸ‘ŒğŸ»ğŸ‘ŒğŸ»ğŸ‘ŒğŸ»ğŸ‘ŒğŸ»ğŸ‘ŒğŸ»ğŸ‘ŒğŸ»ğŸ‘ŒğŸ»ğŸ‘ŒğŸ»ğŸ‘ŒğŸ»ğŸ‘ŒğŸ»ğŸ‘ŒğŸ»ğŸ‘ŒğŸ»ğŸ‘ŒğŸ»ğŸ‘ŒğŸ»ğŸ‘ŒğŸ»ğŸ‘ŒğŸ»ğŸ‘ŒğŸ»ğŸ‘ŒğŸ»ğŸ‘ŒğŸ»ğŸ‘ŒğŸ»ğŸ‘ŒğŸ»ğŸ‘ŒğŸ»ğŸ‘ŒğŸ»ğŸ‘ŒğŸ»ğŸ‘ŒğŸ»ğŸ‘ŒğŸ»ğŸ‘ŒğŸ»ğŸ‘ŒğŸ»ğŸ‘ŒğŸ»ğŸ‘ŒğŸ»ğŸ‘ŒğŸ»ğŸ‘ŒğŸ»ğŸ‘ŒğŸ»ğŸ‘ŒğŸ»ğŸ‘ŒğŸ»ğŸ‘ŒğŸ»ğŸ‘ŒğŸ»ğŸ‘ŒğŸ»ğŸ‘ŒğŸ»ğŸ‘ŒğŸ»ğŸ‘ŒğŸ»ğŸ‘ŒğŸ»ğŸ‘ŒğŸ»ğŸ‘ŒğŸ»ğŸ‘ŒğŸ»ğŸ‘ŒğŸ»ğŸ‘ŒğŸ»ğŸ‘ŒğŸ»ğŸ‘ŒğŸ»ğŸ‘ŒğŸ»
246,ktyJIj6i4Qw,"If You Can Carry $1,000,000 You Keep It!",Mrbeast in 4692 : every time stare at me you get 500t Trillon dollars per second
247,ktyJIj6i4Qw,"If You Can Carry $1,000,000 You Keep It!","If you have a lot of extra money , any of you fan of Mr beast ,please help me I need money badly needed I don't know if I should continue my life anymore or maybe I should rest for ever"
248,ktyJIj6i4Qw,"If You Can Carry $1,000,000 You Keep It!",Ahahahahaha
249,ktyJIj6i4Qw,"If You Can Carry $1,000,000 You Keep It!",Ø§Ù†Ù‡ Ù…Ù…ØªØ¹ Ø¬Ø¯Ø§ â¤ï¸
250,ktyJIj6i4Qw,"If You Can Carry $1,000,000 You Keep It!",Weâ€™re do you get all  of your money from
251,ktyJIj6i4Qw,"If You Can Carry $1,000,000 You Keep It!",:0
252,ktyJIj6i4Qw,"If You Can Carry $1,000,000 You Keep It!",What if I carry u
253,ktyJIj6i4Qw,"If You Can Carry $1,000,000 You Keep It!",TitelnğŸ˜­ğŸ˜­ğŸ˜­
254,ktyJIj6i4Qw,"If You Can Carry $1,000,000 You Keep It!",I'm a kid
255,ktyJIj6i4Qw,"If You Can Carry $1,000,000 You Keep It!",Hi my friend this is from India please  i need help
256,urtFrxDUV6c,"Would YOU Quit School For $100,000?",If you subscribe you could become a millionaire!
257,urtFrxDUV6c,"Would YOU Quit School For $100,000?",D
258,urtFrxDUV6c,"Would YOU Quit School For $100,000?",Hi
259,urtFrxDUV6c,"Would YOU Quit School For $100,000?",Pls feature me in a vid
260,urtFrxDUV6c,"Would YOU Quit School For $100,000?",Plz give me 1millon dollars
261,urtFrxDUV6c,"Would YOU Quit School For $100,000?",Tucker is so cute!
262,urtFrxDUV6c,"Would YOU Quit School For $100,000?",I love tucker
263,urtFrxDUV6c,"Would YOU Quit School For $100,000?",The richest baby in the world Tucker
264,urtFrxDUV6c,"Would YOU Quit School For $100,000?",I will quit!!!!!
265,urtFrxDUV6c,"Would YOU Quit School For $100,000?",Shawn gonna be fired
266,urtFrxDUV6c,"Would YOU Quit School For $100,000?",Noooo
267,urtFrxDUV6c,"Would YOU Quit School For $100,000?",can you put beast burger in vermillion
268,urtFrxDUV6c,"Would YOU Quit School For $100,000?",You un suscriber
269,urtFrxDUV6c,"Would YOU Quit School For $100,000?",Hello
270,urtFrxDUV6c,"Would YOU Quit School For $100,000?",I would never quit bc than I canâ€™t see my friends
271,urtFrxDUV6c,"Would YOU Quit School For $100,000?",Plz give me money
272,urtFrxDUV6c,"Would YOU Quit School For $100,000?",Ya I wuld
273,urtFrxDUV6c,"Would YOU Quit School For $100,000?",Lmao langar lyft i 24 timmar
274,urtFrxDUV6c,"Would YOU Quit School For $100,000?",Can you fly me out I've been following you for a very long time My mom would love it
275,nM89Wl03Q4g,I Survived 50 Hours In A Maximum Security Prison,"Subscribe for free tacos!





Also Chris/Karl/Chandler couldnâ€™t make this video, theyâ€™ll be in the next one!"
276,nM89Wl03Q4g,I Survived 50 Hours In A Maximum Security Prison,9:18 dude I know heâ€™s in their for a joke but that scen is so heartwarming
277,nM89Wl03Q4g,I Survived 50 Hours In A Maximum Security Prison,svensk kommentar hÃ¤r
278,nM89Wl03Q4g,I Survived 50 Hours In A Maximum Security Prison,Mr. Beast is the best influencer in the world! I'm glad I subscribed. ğŸ˜Š
279,nM89Wl03Q4g,I Survived 50 Hours In A Maximum Security Prison,I subscriber
280,nM89Wl03Q4g,I Survived 50 Hours In A Maximum Security Prison,Donuts
281,nM89Wl03Q4g,I Survived 50 Hours In A Maximum Security Prison,ğŸ‘ŒğŸ»ğŸ‘ŒğŸ»ğŸ‘ŒğŸ»ğŸ‘ŒğŸ»ğŸ‘ŒğŸ»ğŸ‘ŒğŸ»ğŸ‘ŒğŸ»ğŸ‘ŒğŸ»ğŸ‘ŒğŸ»ğŸ‘ŒğŸ»ğŸ‘ŒğŸ»ğŸ‘ŒğŸ»ğŸ‘ŒğŸ»ğŸ‘ŒğŸ»ğŸ‘ŒğŸ»ğŸ‘ŒğŸ»ğŸ‘ŒğŸ»ğŸ‘ŒğŸ»ğŸ‘ŒğŸ»ğŸ‘ŒğŸ»ğŸ‘ŒğŸ»ğŸ‘ŒğŸ»ğŸ‘ŒğŸ»ğŸ‘ŒğŸ»ğŸ‘ŒğŸ»ğŸ‘ŒğŸ»ğŸ‘ŒğŸ»ğŸ‘ŒğŸ»ğŸ‘ŒğŸ»ğŸ‘ŒğŸ»ğŸ‘ŒğŸ»ğŸ‘ŒğŸ»ğŸ‘ŒğŸ»ğŸ‘ŒğŸ»ğŸ‘ŒğŸ»ğŸ‘ŒğŸ»ğŸ‘ŒğŸ»ğŸ‘ŒğŸ»ğŸ‘ŒğŸ»ğŸ‘ŒğŸ»ğŸ‘ŒğŸ»ğŸ‘ŒğŸ»ğŸ‘ŒğŸ»ğŸ‘ŒğŸ»ğŸ‘ŒğŸ»ğŸ‘ŒğŸ»ğŸ‘ŒğŸ»ğŸ‘ŒğŸ»ğŸ‘ŒğŸ»ğŸ‘ŒğŸ»ğŸ‘ŒğŸ»ğŸ‘ŒğŸ»ğŸ‘ŒğŸ»ğŸ‘ŒğŸ»ğŸ‘ŒğŸ»ğŸ‘ŒğŸ»ğŸ‘ŒğŸ»ğŸ‘ŒğŸ»ğŸ‘ŒğŸ»ğŸ‘ŒğŸ»ğŸ‘ŒğŸ»ğŸ‘ŒğŸ»ğŸ‘ŒğŸ»ğŸ‘ŒğŸ»ğŸ‘ŒğŸ»ğŸ‘ŒğŸ»ğŸ‘ŒğŸ»ğŸ‘ŒğŸ»ğŸ‘ŒğŸ»ğŸ‘ŒğŸ»ğŸ‘ŒğŸ»ğŸ‘ŒğŸ»ğŸ‘ŒğŸ»ğŸ‘ŒğŸ»ğŸ‘ŒğŸ»ğŸ‘ŒğŸ»ğŸ‘ŒğŸ»ğŸ‘ŒğŸ»ğŸ‘ŒğŸ»ğŸ‘ŒğŸ»ğŸ‘ŒğŸ»ğŸ‘ŒğŸ»ğŸ‘ŒğŸ»ğŸ‘ŒğŸ»ğŸ‘ŒğŸ»ğŸ‘ŒğŸ»ğŸ‘ŒğŸ»ğŸ‘ŒğŸ»ğŸ‘ŒğŸ»ğŸ‘ŒğŸ»ğŸ‘ŒğŸ»ğŸ‘ŒğŸ»ğŸ‘ŒğŸ»ğŸ‘ŒğŸ»ğŸ‘ŒğŸ»ğŸ‘ŒğŸ»ğŸ‘ŒğŸ»ğŸ‘ŒğŸ»ğŸ‘ŒğŸ»ğŸ‘ŒğŸ»ğŸ‘ŒğŸ»ğŸ‘ŒğŸ»ğŸ‘ŒğŸ»ğŸ‘ŒğŸ»ğŸ‘ŒğŸ»ğŸ‘ŒğŸ»ğŸ‘ŒğŸ»ğŸ‘ŒğŸ»ğŸ‘ŒğŸ»ğŸ‘ŒğŸ»ğŸ‘ŒğŸ»ğŸ‘ŒğŸ»ğŸ‘ŒğŸ»ğŸ‘ŒğŸ»ğŸ‘ŒğŸ»ğŸ‘ŒğŸ»ğŸ‘ŒğŸ»ğŸ‘ŒğŸ»ğŸ‘ŒğŸ»ğŸ‘ŒğŸ»
282,nM89Wl03Q4g,I Survived 50 Hours In A Maximum Security Prison,Haha imagine dragons ğŸ¤£
283,nM89Wl03Q4g,I Survived 50 Hours In A Maximum Security Prison,yesssssss
284,nM89Wl03Q4g,I Survived 50 Hours In A Maximum Security Prison,OM3
285,nM89Wl03Q4g,I Survived 50 Hours In A Maximum Security Prison,i want to go to prison
286,nM89Wl03Q4g,I Survived 50 Hours In A Maximum Security Prison,why does mr beast make prison look fun?!?!?!?
287,nM89Wl03Q4g,I Survived 50 Hours In A Maximum Security Prison,",, mmm,, xke,3 c b b n"
288,nM89Wl03Q4g,I Survived 50 Hours In A Maximum Security Prison,This is cool
289,nM89Wl03Q4g,I Survived 50 Hours In A Maximum Security Prison,FOR NOLAN
290,nM89Wl03Q4g,I Survived 50 Hours In A Maximum Security Prison,Imagine if this were a real prison
291,nM89Wl03Q4g,I Survived 50 Hours In A Maximum Security Prison,Noah got a I knife
292,nM89Wl03Q4g,I Survived 50 Hours In A Maximum Security Prison,the dude says they let us take showers but theres no hot water  later in the vid someone says i love how relaxing the hot shower in prizon is wth mr beast
293,nM89Wl03Q4g,I Survived 50 Hours In A Maximum Security Prison,imr400
294,nM89Wl03Q4g,I Survived 50 Hours In A Maximum Security Prison,"10:47 uhhh if Nolan didn't have screamed he could have well just leave lol ğŸ˜‚ğŸ˜† man had to yell ""I AM GETING OUT OF THIS PLACE"""
295,NZlClr_ivb4,"Hit The Target, Win $300,000",Subscribe for a free car!
296,NZlClr_ivb4,"Hit The Target, Win $300,000",Ok
297,NZlClr_ivb4,"Hit The Target, Win $300,000",SIMP
298,NZlClr_ivb4,"Hit The Target, Win $300,000",karl couldâ€™ve gotten money
299,NZlClr_ivb4,"Hit The Target, Win $300,000",how did Jimmy get that backwards shot? bruh that was so cool
300,NZlClr_ivb4,"Hit The Target, Win $300,000",That is the most excited I've ever gotten watching someone win money lol
301,NZlClr_ivb4,"Hit The Target, Win $300,000","2070:Comes
Mr.beasts great great great grandson:Hey dad I want to buy the Milky way galaxy"
302,NZlClr_ivb4,"Hit The Target, Win $300,000",0:52 The moment he just turned from millioner to God mode
303,NZlClr_ivb4,"Hit The Target, Win $300,000",I need to join the thing I can so win
304,NZlClr_ivb4,"Hit The Target, Win $300,000",I am already subscribe
305,NZlClr_ivb4,"Hit The Target, Win $300,000","The only one who can give away mine is mr. beast
 now"
306,NZlClr_ivb4,"Hit The Target, Win $300,000",I  am good at basketball
307,NZlClr_ivb4,"Hit The Target, Win $300,000","Love you Jimmie, the way that you treat other people is amazing. Iâ€™m proud of you son."
308,NZlClr_ivb4,"Hit The Target, Win $300,000",Svensk legend
309,NZlClr_ivb4,"Hit The Target, Win $300,000",HOW DID YOU DO THIS IMPOSIBLE SHOTS??
310,NZlClr_ivb4,"Hit The Target, Win $300,000",subscribe ğŸ™‚ğŸ™‚ğŸ™‚ğŸ™‚
311,NZlClr_ivb4,"Hit The Target, Win $300,000",0:52 my guy beats lebron
312,NZlClr_ivb4,"Hit The Target, Win $300,000",Kastar ner erdvard blom ner frÃ¥n riksdagen
313,NZlClr_ivb4,"Hit The Target, Win $300,000",The third person's name is also Chris
314,NZlClr_ivb4,"Hit The Target, Win $300,000",Did he actually get the hole in one
315,E6E22XQPhhg,Anything You Can Fit In The Triangle Iâ€™ll Pay For,"Sorry for the long time with no videos! I tried spending 50 hours stranded at sea and got super sick and canceled it. After that I tried to build the worldâ€™s largest Minecraft mansion (spent like $300,000 lol) and it rained and fell. After that I filmed a different video that just wasnâ€™t innovative enough so I deleted the final video. Whoops haha"
316,E6E22XQPhhg,Anything You Can Fit In The Triangle Iâ€™ll Pay For,i don't wave ps 5 or ps 4ğŸ˜¥ğŸ˜¥ğŸ˜¥ğŸ˜¥
317,E6E22XQPhhg,Anything You Can Fit In The Triangle Iâ€™ll Pay For,Who is watching now that his channel is hacked by a swedish dude
318,E6E22XQPhhg,Anything You Can Fit In The Triangle Iâ€™ll Pay For,I have a doubt where did you get so much money
319,E6E22XQPhhg,Anything You Can Fit In The Triangle Iâ€™ll Pay For,were r u'r masks
320,E6E22XQPhhg,Anything You Can Fit In The Triangle Iâ€™ll Pay For,honestly i would of got sooo meny 4s my favorite jordan
321,E6E22XQPhhg,Anything You Can Fit In The Triangle Iâ€™ll Pay For,The skydiving company is literally called â€˜triangle skydiving companyâ€™
322,E6E22XQPhhg,Anything You Can Fit In The Triangle Iâ€™ll Pay For,I wanted a iphone 13 mujhe do bana mai suiside kar lunga
323,E6E22XQPhhg,Anything You Can Fit In The Triangle Iâ€™ll Pay For,On the first one he got the cheese balls
324,E6E22XQPhhg,Anything You Can Fit In The Triangle Iâ€™ll Pay For,Wow en rÃ¶d triangel
325,E6E22XQPhhg,Anything You Can Fit In The Triangle Iâ€™ll Pay For,Kolla en rÃ¶d triangelğŸ¤£ğŸ¤£
326,E6E22XQPhhg,Anything You Can Fit In The Triangle Iâ€™ll Pay For,What the hell are these people doing! Seriously
327,E6E22XQPhhg,Anything You Can Fit In The Triangle Iâ€™ll Pay For,TVs are such a poor person investment
328,E6E22XQPhhg,Anything You Can Fit In The Triangle Iâ€™ll Pay For,Sub to the beastâ¤ï¸
329,E6E22XQPhhg,Anything You Can Fit In The Triangle Iâ€™ll Pay For,Kolla! En RÃ¶d Triangel!
330,E6E22XQPhhg,Anything You Can Fit In The Triangle Iâ€™ll Pay For,I swedish
331,E6E22XQPhhg,Anything You Can Fit In The Triangle Iâ€™ll Pay For,mr beast are you amazing â¤ï¸
332,E6E22XQPhhg,Anything You Can Fit In The Triangle Iâ€™ll Pay For,I wonder how he earn profit from this kinda videoes
333,E6E22XQPhhg,Anything You Can Fit In The Triangle Iâ€™ll Pay For,Is it only for me the videos name are on swedish
334,E6E22XQPhhg,Anything You Can Fit In The Triangle Iâ€™ll Pay For,Wow ğŸ¥º
335,TQHEJj68Jew,I Got Hunted By A Real Bounty Hunter,"That was way too close at the end, i hope you all enjoyed!"
336,TQHEJj68Jew,I Got Hunted By A Real Bounty Hunter,Mr beast how much you money. Me is 700 and you Mr beast
337,TQHEJj68Jew,I Got Hunted By A Real Bounty Hunter,Fy fan vad roligt
338,TQHEJj68Jew,I Got Hunted By A Real Bounty Hunter,HELIKOPTER HELIKOPTER
339,TQHEJj68Jew,I Got Hunted By A Real Bounty Hunter,Macke
340,TQHEJj68Jew,I Got Hunted By A Real Bounty Hunter,Why does he drives can't you drive Jimmy
341,TQHEJj68Jew,I Got Hunted By A Real Bounty Hunter,Thatâ€™s sneaky when you go to the back of Mrbeasts weâ€™re house
342,TQHEJj68Jew,I Got Hunted By A Real Bounty Hunter,True he will
343,TQHEJj68Jew,I Got Hunted By A Real Bounty Hunter,Bru
344,TQHEJj68Jew,I Got Hunted By A Real Bounty Hunter,Macke ring ambulans!
345,TQHEJj68Jew,I Got Hunted By A Real Bounty Hunter,hi
346,TQHEJj68Jew,I Got Hunted By A Real Bounty Hunter,66666666666666666666666666666666666666666666666666666666666666666666666666666666666766666666666666666yyyyyyyynhjjyyyyyyyyyyyyyyy
347,TQHEJj68Jew,I Got Hunted By A Real Bounty Hunter,I love you mr beast
348,TQHEJj68Jew,I Got Hunted By A Real Bounty Hunter,ğŸ‘ŒğŸ¼Life with money
349,TQHEJj68Jew,I Got Hunted By A Real Bounty Hunter,Jimmy will be the greatest grandda of all times
350,TQHEJj68Jew,I Got Hunted By A Real Bounty Hunter,In April 23rd my mom has her birthday!
351,TQHEJj68Jew,I Got Hunted By A Real Bounty Hunter,MY COOKIES ğŸª
352,TQHEJj68Jew,I Got Hunted By A Real Bounty Hunter,How wil Jimmy win
353,TQHEJj68Jew,I Got Hunted By A Real Bounty Hunter,Bruh  this is so good keep up the good work bro
354,TQHEJj68Jew,I Got Hunted By A Real Bounty Hunter,ğŸ˜²ğŸ˜²
355,WcwGleN38zE,"Extreme $100,000 Game of Tag!","Like I said in the video, subscribe if you havenâ€™t already and you could win $10,000!"
356,WcwGleN38zE,"Extreme $100,000 Game of Tag!",I feel sorry for Adam
357,WcwGleN38zE,"Extreme $100,000 Game of Tag!",Good boy
358,WcwGleN38zE,"Extreme $100,000 Game of Tag!",4:04 AHHH AH AH Lol
359,WcwGleN38zE,"Extreme $100,000 Game of Tag!",ğŸ¤£ğŸ¤£ğŸ˜‚ğŸ˜‚ğŸ¤£ when Chris hit his knee on the door ğŸ˜‚ğŸ¤£ğŸ¤£ğŸ˜‚ğŸ¤£ğŸ¤£
360,WcwGleN38zE,"Extreme $100,000 Game of Tag!",yo imagine imagining the imagine
361,WcwGleN38zE,"Extreme $100,000 Game of Tag!",i thought jordan will be win .ğŸ˜…
362,WcwGleN38zE,"Extreme $100,000 Game of Tag!",Kung hackarenâ¤
363,WcwGleN38zE,"Extreme $100,000 Game of Tag!",hi
364,WcwGleN38zE,"Extreme $100,000 Game of Tag!",4:10 lol
365,WcwGleN38zE,"Extreme $100,000 Game of Tag!",noooooooooooooo carl he is the best
366,WcwGleN38zE,"Extreme $100,000 Game of Tag!",Jorden: *SCREAMING* AHHHHHHHHHHHHH
367,WcwGleN38zE,"Extreme $100,000 Game of Tag!","I think it would help this series a lot if it was sorta zombie tag, where the people you tag help you tag other people. It would make it so that you would have to do less constricting areas and such, otherwise looks a little scripted imo"
368,WcwGleN38zE,"Extreme $100,000 Game of Tag!",Cause I see yoy
369,WcwGleN38zE,"Extreme $100,000 Game of Tag!",i love your videos
370,WcwGleN38zE,"Extreme $100,000 Game of Tag!","what the hell chris just sliped
 omg"
371,WcwGleN38zE,"Extreme $100,000 Game of Tag!",7:58 you k-
372,WcwGleN38zE,"Extreme $100,000 Game of Tag!",Let me me get 10k
373,WcwGleN38zE,"Extreme $100,000 Game of Tag!",0:21 my man is invisible
374,WcwGleN38zE,"Extreme $100,000 Game of Tag!",speedrunner :))))
375,fMfipiV_17o,"Would You Sit In Snakes For $10,000?","Great news! We now have a Spanish dubbed option for the video for our Spanish viewers. Just select audio track and you can switch between English and Spanish! Also, donâ€™t forget to subscribe! You could win $10,000!"
376,fMfipiV_17o,"Would You Sit In Snakes For $10,000?",Asemos drato
377,fMfipiV_17o,"Would You Sit In Snakes For $10,000?",Mr vien si medas 1k de dolares tedoy 20 segidores  pero espara venesuela xd
378,fMfipiV_17o,"Would You Sit In Snakes For $10,000?",Please let me come I love snakessss
379,fMfipiV_17o,"Would You Sit In Snakes For $10,000?",I love how excited jimmy got that the snakes weâ€™re trying to steal the 10 grand
380,fMfipiV_17o,"Would You Sit In Snakes For $10,000?",THIS LOOKS FUN
381,fMfipiV_17o,"Would You Sit In Snakes For $10,000?",i LOVE you â¤ï¸â¤ï¸â¤ï¸
382,fMfipiV_17o,"Would You Sit In Snakes For $10,000?",Ã‘ Ã‘
383,fMfipiV_17o,"Would You Sit In Snakes For $10,000?",ğŸ¤®ğŸ¤¢ğŸ¤¢ğŸ˜ğŸ‘ğŸ˜–ğŸ˜ŠğŸ˜€
384,fMfipiV_17o,"Would You Sit In Snakes For $10,000?",Iâ€™m subscribed
385,fMfipiV_17o,"Would You Sit In Snakes For $10,000?","i hade subscribed your channel from my mom  ,brother, sister and father"
386,fMfipiV_17o,"Would You Sit In Snakes For $10,000?",ğŸ‘ŒğŸ»ğŸ‘ŒğŸ»ğŸ‘ŒğŸ»ğŸ‘ŒğŸ»ğŸ‘ŒğŸ»ğŸ‘ŒğŸ»ğŸ‘ŒğŸ»ğŸ‘ŒğŸ»ğŸ‘ŒğŸ»ğŸ‘ŒğŸ»ğŸ‘ŒğŸ»ğŸ‘ŒğŸ»ğŸ‘ŒğŸ»ğŸ‘ŒğŸ»ğŸ‘ŒğŸ»ğŸ‘ŒğŸ»ğŸ‘ŒğŸ»ğŸ‘ŒğŸ»ğŸ‘ŒğŸ»ğŸ‘ŒğŸ»ğŸ‘ŒğŸ»ğŸ‘ŒğŸ»ğŸ‘ŒğŸ»ğŸ‘ŒğŸ»ğŸ‘ŒğŸ»ğŸ‘ŒğŸ»ğŸ‘ŒğŸ»ğŸ‘ŒğŸ»ğŸ‘ŒğŸ»ğŸ‘ŒğŸ»ğŸ‘ŒğŸ»ğŸ‘ŒğŸ»ğŸ‘ŒğŸ»ğŸ‘ŒğŸ»ğŸ‘ŒğŸ»ğŸ‘ŒğŸ»ğŸ‘ŒğŸ»ğŸ‘ŒğŸ»ğŸ‘ŒğŸ»ğŸ‘ŒğŸ»ğŸ‘ŒğŸ»ğŸ‘ŒğŸ»ğŸ‘ŒğŸ»ğŸ‘ŒğŸ»ğŸ‘ŒğŸ»ğŸ‘ŒğŸ»ğŸ‘ŒğŸ»ğŸ‘ŒğŸ»ğŸ‘ŒğŸ»ğŸ‘ŒğŸ»ğŸ‘ŒğŸ»ğŸ‘ŒğŸ»ğŸ‘ŒğŸ»ğŸ‘ŒğŸ»ğŸ‘ŒğŸ»ğŸ‘ŒğŸ»ğŸ‘ŒğŸ»ğŸ‘ŒğŸ»ğŸ‘ŒğŸ»ğŸ‘ŒğŸ»ğŸ‘ŒğŸ»ğŸ‘ŒğŸ»ğŸ‘ŒğŸ»ğŸ‘ŒğŸ»ğŸ‘ŒğŸ»ğŸ‘ŒğŸ»ğŸ‘ŒğŸ»ğŸ‘ŒğŸ»ğŸ‘ŒğŸ»ğŸ‘ŒğŸ»ğŸ‘ŒğŸ»ğŸ‘ŒğŸ»ğŸ‘ŒğŸ»ğŸ‘ŒğŸ»ğŸ‘ŒğŸ»ğŸ‘ŒğŸ»ğŸ‘ŒğŸ»ğŸ‘ŒğŸ»ğŸ‘ŒğŸ»ğŸ‘ŒğŸ»ğŸ‘ŒğŸ»ğŸ‘ŒğŸ»ğŸ‘ŒğŸ»ğŸ‘ŒğŸ»ğŸ‘ŒğŸ»ğŸ‘ŒğŸ»ğŸ‘ŒğŸ»ğŸ‘ŒğŸ»ğŸ‘ŒğŸ»ğŸ‘ŒğŸ»ğŸ‘ŒğŸ»ğŸ‘ŒğŸ»ğŸ‘ŒğŸ»ğŸ‘ŒğŸ»ğŸ‘ŒğŸ»ğŸ‘ŒğŸ»ğŸ‘ŒğŸ»ğŸ‘ŒğŸ»ğŸ‘ŒğŸ»ğŸ‘ŒğŸ»ğŸ‘ŒğŸ»ğŸ‘ŒğŸ»ğŸ‘ŒğŸ»ğŸ‘ŒğŸ»ğŸ‘ŒğŸ»ğŸ‘ŒğŸ»ğŸ‘ŒğŸ»ğŸ‘ŒğŸ»ğŸ‘ŒğŸ»ğŸ‘ŒğŸ»ğŸ‘ŒğŸ»ğŸ‘ŒğŸ»ğŸ‘ŒğŸ»ğŸ‘ŒğŸ»ğŸ‘ŒğŸ»ğŸ‘ŒğŸ»ğŸ‘ŒğŸ»ğŸ‘ŒğŸ»ğŸ‘ŒğŸ»ğŸ‘ŒğŸ»ğŸ‘ŒğŸ»ğŸ‘ŒğŸ»ğŸ‘ŒğŸ»ğŸ‘ŒğŸ»ğŸ‘ŒğŸ»ğŸ‘ŒğŸ»ğŸ‘ŒğŸ»ğŸ‘ŒğŸ»ğŸ‘ŒğŸ»ğŸ‘ŒğŸ»ğŸ‘ŒğŸ»ğŸ‘ŒğŸ»ğŸ‘ŒğŸ»ğŸ‘ŒğŸ»ğŸ‘ŒğŸ»ğŸ‘ŒğŸ»ğŸ‘ŒğŸ»ğŸ‘ŒğŸ»ğŸ‘ŒğŸ»ğŸ‘ŒğŸ»ğŸ‘ŒğŸ»ğŸ‘ŒğŸ»ğŸ‘ŒğŸ»ğŸ‘ŒğŸ»ğŸ‘ŒğŸ»ğŸ‘ŒğŸ»ğŸ‘ŒğŸ»ğŸ‘ŒğŸ»ğŸ‘ŒğŸ»ğŸ‘ŒğŸ»ğŸ‘ŒğŸ»ğŸ‘ŒğŸ»ğŸ‘ŒğŸ»ğŸ‘ŒğŸ»ğŸ‘ŒğŸ»ğŸ‘ŒğŸ»ğŸ‘ŒğŸ»ğŸ‘ŒğŸ»ğŸ‘ŒğŸ»ğŸ‘ŒğŸ»ğŸ‘ŒğŸ»ğŸ‘ŒğŸ»ğŸ‘ŒğŸ»ğŸ‘ŒğŸ»ğŸ‘ŒğŸ»ğŸ‘ŒğŸ»ğŸ‘ŒğŸ»ğŸ‘ŒğŸ»ğŸ‘ŒğŸ»ğŸ‘ŒğŸ»ğŸ‘ŒğŸ»ğŸ‘ŒğŸ»ğŸ‘ŒğŸ»ğŸ‘ŒğŸ»ğŸ‘ŒğŸ»ğŸ‘ŒğŸ»ğŸ‘ŒğŸ»ğŸ‘ŒğŸ»ğŸ‘ŒğŸ»ğŸ‘ŒğŸ»ğŸ‘ŒğŸ»ğŸ‘ŒğŸ»ğŸ‘ŒğŸ»ğŸ‘ŒğŸ»ğŸ‘ŒğŸ»ğŸ‘ŒğŸ»ğŸ‘ŒğŸ»ğŸ‘ŒğŸ»ğŸ‘ŒğŸ»ğŸ‘ŒğŸ»ğŸ‘ŒğŸ»ğŸ‘ŒğŸ»ğŸ‘ŒğŸ»ğŸ‘ŒğŸ»ğŸ‘ŒğŸ»ğŸ‘ŒğŸ»ğŸ‘ŒğŸ»ğŸ‘ŒğŸ»ğŸ‘ŒğŸ»ğŸ‘ŒğŸ»ğŸ‘ŒğŸ»ğŸ‘ŒğŸ»ğŸ‘ŒğŸ»ğŸ‘ŒğŸ»ğŸ‘ŒğŸ»ğŸ‘ŒğŸ»ğŸ‘ŒğŸ»ğŸ‘ŒğŸ»ğŸ‘ŒğŸ»ğŸ‘ŒğŸ»ğŸ‘ŒğŸ»ğŸ‘ŒğŸ»ğŸ‘ŒğŸ»ğŸ‘ŒğŸ»ğŸ‘ŒğŸ»ğŸ‘ŒğŸ»ğŸ‘ŒğŸ»ğŸ‘ŒğŸ»ğŸ‘ŒğŸ»ğŸ‘ŒğŸ»ğŸ‘ŒğŸ»ğŸ‘ŒğŸ»ğŸ‘ŒğŸ»ğŸ‘ŒğŸ»ğŸ‘ŒğŸ»
387,fMfipiV_17o,"Would You Sit In Snakes For $10,000?",YOU ARE BEST
388,fMfipiV_17o,"Would You Sit In Snakes For $10,000?",YOU ARE BEST
389,fMfipiV_17o,"Would You Sit In Snakes For $10,000?",If I'm carl I just use my jacket to cover the mouse and hold ut
390,fMfipiV_17o,"Would You Sit In Snakes For $10,000?",The pink one
391,fMfipiV_17o,"Would You Sit In Snakes For $10,000?",snake are cuteğŸ‘ğŸ‘
392,fMfipiV_17o,"Would You Sit In Snakes For $10,000?",ES TOY SUSCRITO EN 30 APALATOS
393,fMfipiV_17o,"Would You Sit In Snakes For $10,000?",I love Jimmie You use pro i love Jimmie
394,fMfipiV_17o,"Would You Sit In Snakes For $10,000?",Snakes
